"DESCRIPTION","DURATION IN MS","NAME","PARENT SUITE","START TIME","STATUS","STOP TIME","SUB SUITE","SUITE","TEST CLASS","TEST METHOD"
"","6548","should verify checkout page heading and labels exist","Checkout Page Tests","2026-09-29","passed","2026-09-29","","","",""
"","9747","should produce unique data across multiple runs","Checkout Page Tests","2026-09-29","passed","2026-09-29","","","",""
"","9283","should not proceed with a mobile number that is too short","Checkout Page Tests","2026-09-29","passed","2026-09-29","","","",""
"","8827","should reject invalid email format","Checkout Page Tests","2026-09-29","passed","2026-09-29","","","",""
"","8669","should not proceed when Address is empty","Checkout Page Tests","2026-09-29","passed","2026-09-29","","","",""
"","10453","should display cart items","shopping","2026-09-29","passed","2026-09-29","","","",""
"","13390","shop navigation link","shopping","2026-09-29","failed","2026-09-29","","","",""
"","6068","should add crocks for kids to the cart","shopping","2026-09-29","passed","2026-09-29","","","",""
"","13412","select mens wear from dropdown","shopping","2026-09-29","failed","2026-09-29","","","",""
"","8836","should not proceed when Mobile number is empty","Checkout Page Tests","2026-09-29","passed","2026-09-29","","","",""
"","8789","should not proceed with non-numeric pin code","Checkout Page Tests","2026-09-29","passed","2026-09-29","","","",""
"","8647","should not proceed when State is empty","Checkout Page Tests","2026-09-29","passed","2026-09-29","","","",""
"","6191","should add blue sports shoes to the cart","shopping","2026-09-29","passed","2026-09-29","","","",""
"","5876","should add men fashion green pant to the cart","shopping","2026-09-29","passed","2026-09-29","","","",""
"","3584","should log in with valid credentials","shopping","2026-09-29","passed","2026-09-29","","","",""
"","3439","should log in with valid credentials","login test","2026-09-29","passed","2026-09-29","","","",""
"","9093","should proceed to checkout from cart","shopping","2026-09-29","passed","2026-09-29","","","",""
"","13390","shop navigation link","shopping","2026-09-29","failed","2026-09-29","","","",""
"","9158","should not proceed when Email is empty","Checkout Page Tests","2026-09-29","passed","2026-09-29","","","",""
"","13514","should verify correct redirection on navigation (negative: incorrect redirection)","shopping","2026-09-29","failed","2026-09-29","","","",""
"","6034","should add skirt and Top For Kids to the cart","shopping","2026-09-29","passed","2026-09-29","","","",""
"","8797","should not proceed when City is empty","Checkout Page Tests","2026-09-29","passed","2026-09-29","","","",""
"","13385","select kids wear from dropdown","shopping","2026-09-29","failed","2026-09-29","","","",""
"","10893","should submit billing address without middle name (optional field)","Checkout Page Tests","2026-09-29","passed","2026-09-29","","","",""
"","6778","should handle all required fields empty","Checkout Page Tests","2026-09-29","passed","2026-09-29","","","",""
"","10712","should submit billing address with valid random data","Checkout Page Tests","2026-09-29","passed","2026-09-29","","","",""
"","2854","Verify invalid username validation","login test","2026-09-29","passed","2026-09-29","","","",""
"","9666","should not proceed when First Name is empty","Checkout Page Tests","2026-09-29","passed","2026-09-29","","","",""
"","6597","should verify all checkout form fields are visible","Checkout Page Tests","2026-09-29","passed","2026-09-29","","","",""
"","8470","should remove item from cart","shopping","2026-09-29","passed","2026-09-29","","","",""
"","3027","Verify invalid password validation","login test","2026-09-29","passed","2026-09-29","","","",""
"","13437","should verify dropdown functionality (negative: non-functional dropdown options)","shopping","2026-09-29","failed","2026-09-29","","","",""
"","682","should validate empty username fields","login test","2026-09-29","passed","2026-09-29","","","",""
"","757","should validate empty password fields","login test","2026-09-29","passed","2026-09-29","","","",""
"","13465","should verify menu items are present (negative: missing menu items)","shopping","2026-09-29","failed","2026-09-29","","","",""
"","14973","should update item quantity in cart with kids items after removing item from cart","shopping","2026-09-29","passed","2026-09-29","","","",""
"","4251","should log in with valid credentials","shopping","2026-09-29","passed","2026-09-29","","","",""
"","9658","should not proceed when Last Name is empty","Checkout Page Tests","2026-09-29","passed","2026-09-29","","","",""
"","8706","should not proceed when Pin Code is empty","Checkout Page Tests","2026-09-29","passed","2026-09-29","","","",""
